Nome;email
Rodrigo Maia;rodrigoframa@gmail.com
Junior Lima;juniorlima.uema.dpd@gmail.com
Arianne Evangelista;arianne.uema.dpd@gmail.com
Rodrigo Hotmail;rodrigoframa@hotmail.com
Rodrigo Nti;rodrigofrazao.uema.dpd@gmail.com
Alfredo Junior;alfredooliveira.uema.dpd@gmail.com
Magno Castro;magnocastromoraes@gmail.com
Richardson Lima;richardson.limaa@gmail.com 
Rodrigo Oliveira;rdrglvrslv@gmail.com 
Ricardo Ripardo;luizricardoripardo@gmail.com 